,ext_player_id
0,abonnell
1,abacon
2,abarcio
3,abartlett
4,abell
5,abuss
6,acoble
7,acorley
8,adelreal
9,ahom
10,alangley
11,amcadams
12,apetersch
13,arichards
14,arichards1
15,aroberts
16,arosentha
17,aschwartz1
18,aschwiete
19,ashi
20,awatson
21,aweaver
22,aweaver1
23,awolf
24,aziegler
25,acoffin
26,agambert
27,abostian
28,abronstei
29,abrown1
30,aburgess
31,acarr
32,achoi
33,adrews
34,agoldberg
35,agrossber
36,ajemal
37,ajohnston
38,alapikas
39,amcnichol
40,amiller1
41,anovak
42,aodonnell
43,apaicely
44,araty
45,arees
46,arussell
47,asimon
48,astautber
49,aturcotte
50,aturner
51,avinson
52,awhitton
53,awulkan
54,afelser
55,araslan
56,acisneros
57,agolay
58,aking
59,areif
60,ayearwood
61,acurry
62,adowney
63,ahall
64,ahayter
65,alopezesc
66,arogers
67,awilliams
68,afrank
69,alandis
70,alomen
71,arudy
72,ahumbert
73,ajacoski
74,alemons
75,amacisaac
76,amerriman
77,amiles
78,anelson
79,amuraoka
80,agruntz
81,ahuels
82,akolick
83,ascarth
84,aalarcon
85,ayuan
86,aroot
87,aarsenaul1
88,abenton
89,amathena
90,unknown11
91,anorton
92,asurmani
93,awilsonho
94,areyes
95,afelt
96,aatkins
97,abaker
98,abargende
99,abertoia
100,abrouwer
101,abullock
102,acameron
103,acanoniza
104,achampe
105,acloud
106,acurreri
107,adavis4
108,adavis1
109,adonadio
110,adrlicawa
111,adrum
112,aduffel
113,aedinger
114,aevangeli
115,aforsberg
116,agareis
117,agilson
118,agrande
119,agravatt
120,agrintsva
121,aguerrero
122,ahamilton
123,aheath
124,ahenderso
125,ahill
126,ahunt
127,ahutton
128,ajanelle
129,ajirele
130,akabat
131,akadesch
132,akapiamba
133,akapinos
134,akrzywda
135,alaws
136,aliu
137,aliu1
138,alowy
139,amcclure
140,amullen
141,anord
142,apan
143,apien
144,apiper
145,arummelha
146,asimmons
147,asmith1
148,atatum
149,athomas
150,athorne
151,atrautman
152,avickroy
153,avlahos
154,awarringt
155,ayanelli
156,abelfiore
157,adaskalak
158,aisik
159,amax
160,amorris
161,ataylor1
162,awilcox
163,afall
164,azalk
165,acrowe
166,arobb
167,alaviolet
168,amichel
169,andovu
170,alai
171,abrown2
172,againes
173,alenon
174,analavald
175,afegert
176,akaghazwa
177,avasilyev
178,ajuengst
179,aolsen
180,acaon
181,aarsenaul
182,abordelon
183,agailits
184,acaldwell
185,arodrigue
186,athompson
187,aallen
188,aaylward
189,aberry
190,abosco
191,abrown
192,acarleton
193,acarroll
194,acohen
195,aeverts
196,afoley
197,agardner
198,ageisel
199,agoldstei
200,agruninge
201,ahagen
202,ahaviland
203,akohl
204,akramer
205,akubinec
206,ali
207,alord
208,alucarott
209,alynch
210,amaloney
211,amanganel
212,amccrae
213,amckelvey
214,amcrae
215,ameshnick
216,amiller
217,amisthos
218,amoore
219,amuller
220,aouchterl
221,apadula
222,apebley
223,apillsbur
224,aroca
225,aroney
226,aroy
227,aryan
228,aschwartz
229,aseibert
230,asheehan
231,asjogren
232,atang
233,athai
234,athompson1
235,avandeber
236,awadaga
237,awalch
238,awatson1
239,awatts
240,awiebe
241,awilkes
242,ayurchak
243,abarnhart
244,acava
245,acorey
246,acurtis
247,ahipskind
248,anielsen
249,asammons
250,asmith
251,atheiss
252,ayu
253,aolcese
254,apestritt
255,adriehuys
256,aindhupur
257,areppermu
258,abushek
259,acain
260,acoppola
261,adavis3
262,adonato
263,agrigolet
264,agutowsky
265,ajirele1
266,akahn
267,amclean
268,amonescal
269,aprato
270,asapichin
271,adavis2
272,adub
273,agenest
274,alepagnol
275,arousseau
276,arueda
277,asehgal
278,agordon
279,anitikman
280,aweitzman
281,aklevecz
282,ashull
283,aaucoin
284,akarklins
285,alantz
286,ajoye
287,ahill1
288,ahoffman
289,alewis
290,apaulus
291,arobinson
292,agolan
293,aarnstein
294,adavis
295,aambrose
296,abarden
297,abartenst
298,abonelli
299,aengel
300,againes1
301,ajohnson1
302,akelly
303,akoffarnu
304,alee
305,alien
306,alillis
307,araymond
308,ariegel
309,ataylor
310,awalker
311,ajohnson
312,avanbruss
313,ataylor2
314,aagami
315,aolson
316,alearned
317,blabertea
318,blaberteaux
319,broberts
320,bwu
321,bwachholz
322,blang
323,blimoges
324,bdejongh
325,bhawkinso
326,bkittredg
327,bmathie
328,bsessums
329,bashton
330,bayres
331,bbeehner
332,bblatz
333,bbolan
334,bbreault
335,bbroser
336,bcentracc
337,bcheer
338,bclark1
339,bclose
340,bdameron
341,bdavies
342,bdieter
343,bevashavi
344,bfeldman
345,bfeng
346,bfield
347,bgagnemay
348,bgerroll
349,bgreen
350,bgreenber
351,bhoffman
352,bhubbard
353,bivers
354,bjagt
355,bjansen
356,bjohnson
357,bjones1
358,bkatz1
359,bklar
360,bkrumpelm
361,blandry
362,blevinsky
363,blevy
364,blewis
365,blohre
366,bmacalala
367,bmiller
368,bmurphy
369,bnelson
370,bpavelka
371,bpetrowsk
372,bpowlay
373,bprice
374,bpries
375,brehmann
376,brogers
377,bsage
378,bscharadi
379,bscharfst
380,bsever
381,bsimmonds
382,bsnell
383,bsouvey
384,bthoennes
385,btravers
386,bweinstei
387,bweyers
388,bzhang
389,bshea
390,bclark2
391,bthomsen
392,battal
393,bburelle
394,beto
395,bhorrisbe
396,blaw
397,bliumay
398,boort
399,bparris
400,bpreiss
401,bsadok
402,bsimmons
403,bsokolows
404,bspielman
405,bthompsen
406,btseytlin
407,bventresc
408,bkeren
409,bwachob
410,bbarnes
411,beverhart
412,bfinn
413,bkluender
414,bkatz
415,bmainwari
416,bobryan
417,bsickles
418,bschlaefe
419,bbarrett
420,blaursen
421,bhannah
422,bjordan1
423,bkrapfl
424,btrantina
425,bvanderbu
426,bwaldron
427,bliu1
428,bmadden
429,bley
430,bmoyer
431,bpatterso
432,bbolliger
433,bellis
434,bhouser
435,bjones
436,bscott
437,btinney
438,bdistel
439,beberhard
440,bfleming
441,bkennis
442,bseuntjen
443,brobinson
444,ballahdad
445,badibe
446,ballen
447,bbeers
448,bcanoniza
449,bdial
450,bfein
451,bjordan
452,bkahler
453,blafferty
454,blamberty
455,bli
456,blin
457,bmalecek
458,bmatis
459,bpastor
460,bperales
461,bseverson
462,btaitt
463,bthomas
464,bvandeuse
465,badams
466,bgee
467,bmorrison
468,badams1
469,bawerbuch
470,bgessner
471,bkeith
472,bmccann
473,bschwalm
474,bwong
475,banderson1
476,bgeorge
477,blo
478,bmoore1
479,bhard
480,bbergmeie
481,bcoffey
482,bdietrich
483,banderson
484,begger
485,bgramann
486,bhidaka
487,bhulsmeye
488,bkolinek
489,bmatzuka
490,bpetersen
491,brobinson1
492,bsawyer
493,bsullivan
494,btan
495,bbaker
496,bcasey
497,bclark
498,bgfroerer
499,bhart
500,bhoward
501,bjager
502,bkibler
503,bkragt
504,bmagerr
505,bmarshall
506,bmclaughl
507,bmoore
508,bpate
509,brathunde
510,broach
511,bschoenro
512,bshinners
513,bstout
514,bstreet
515,unknown14
516,bventura
517,bwilliams
518,bwyer
519,bzid
520,bdunn
521,bjensen
522,bthibodea
523,bsmith
524,bdobson
525,bwallace
526,bdemers
527,bbush
528,bconklin
529,bdowney
530,bdunbar
531,bkuo
532,bnguyen
533,bsansbury
534,bvohnoutk
535,bwalsh
536,byue
537,bdean
538,bcarleton
539,bedwards
540,blozinski
541,bring
542,bwilliams1
543,bsimonfox
544,bnash
545,bliu
546,cwood
547,cbarnes
548,cwhite
549,csigerud
550,cnewby
551,cmcsweene
552,cburt
553,ctornaben
554,ccampbell1
555,cdenecour
556,cdixon
557,cenright
558,cferguson1
559,cposey
560,cseamon
561,cstanish
562,ctexeira
563,cbosworth
564,cmackenzi
565,cbrown1
566,ccoulbury
567,cstoughto
568,ctrisolin
569,calbin
570,cbailey
571,cbellando
572,cburden
573,ccopeland
574,cthatcher
575,cwariner
576,cmah
577,dbaker
578,bcameron
579,cbrock
580,cguidry
581,charris
582,ckennedy
583,cknox
584,clacy
585,csnook
586,ctaleghan
587,cbarrera
588,cnichimlu
589,cjohnson2
590,cmorgenst
591,canker
592,crodrigue
593,cvargas
594,cwolle
595,carmstron1
596,cchamberl
597,cturner
598,cwilder
599,chawkins
600,chollo
601,clankford
602,cmiddleto
603,crae
604,cbybee
605,cdegnan
606,chogg
607,cikeda
608,clemay
609,cpeters
610,cshugarma
611,cstartzel
612,cthornton
613,cvaughn
614,cwu
615,crasmusse
616,cqiu
617,chines
618,caubutbou
619,cbrown
620,cgerber
621,cmccausla
622,cyorgason
623,ccochran
624,cwatson
625,casselin
626,cbariteau
627,ccannon
628,cguay
629,charrity
630,cpatten
631,crobertso
632,cweinberg
633,cyu
634,chendriks
635,cbenafrad
636,cbenforad
637,cedmiston
638,ceide
639,cfurse
640,cmccutche
641,cmercer
642,cmuniz
643,creiff
644,cschuweil
645,cvukovic
646,ccunningh
647,chammond
648,cmarty
649,crawlins
650,csmith2
651,csun
652,ccobb
653,carevalo
654,cbalch
655,cbarrett
656,cbartoli
657,cbrenenbo
658,cbrooks
659,cbubernak
660,ccalhoun
661,ccasella
662,ccassella
663,cchan
664,ccogswell
665,cellis
666,celworth
667,cfarina
668,cgallaghe
669,cgibson
670,cginet
671,cgraber
672,cgrener
673,chancock
674,ckocher
675,ckosednar
676,clarberg
677,clarocque
678,clay
679,clayden
680,cliess
681,cliu
682,clung
683,cmalackan
684,cmazur
685,cmclaughl1
686,cpeak
687,cpowers
688,croach
689,cschulze
690,cvandervo
691,cwalls
692,cwalsh
693,cward
694,cwilen
695,cwilson
696,cwohl
697,cyoungblo
698,czybert
699,cbelus
700,cboxley
701,cfoster
702,cgaeta
703,cgaffney
704,cjohnson1
705,cjohnson3
706,cmathieu
707,colsen
708,cparker
709,cpitts
710,csimpson
711,cwoodfin
712,cferguson
713,ctremblay
714,cnelson
715,cauman
716,cbernard
717,cgrimm
718,cjohnson
719,cmiller1
720,cobrien1
721,csackmann
722,czaleski
723,ccantone
724,ccao
725,chippman
726,cclarke
727,ccolicchi
728,cobrien
729,ccofer
730,cwang
731,ccollins
732,cmiller
733,cschelitz
734,ccarey
735,cpartlow
736,cyip
737,cressel
738,cmcsherry
739,cloverane
740,ccoates
741,ccurran
742,cfox
743,cjohns
744,cjohnston
745,ckirkland
746,cmcinnis
747,crebholz
748,cspicer
749,cdavisbra
750,ceustis
751,cfriedes
752,chyzer
753,cjensen
754,cjurek
755,cmires
756,cmoore
757,cosborn
758,crobinett
759,cstenseth
760,csullivan
761,cwallin
762,ctappero
763,cwhite1
764,cbeaurega
765,cberry
766,cbilodeau
767,ccamp
768,ccopler
769,cfremeau
770,cfroats1
771,cgrandon
772,cgrant
773,cgreen1
774,chinde
775,ckochenas
776,cmasino
777,cmccartne
778,cmclaughl
779,cringwood
780,csmith1
781,csmith
782,csunde
783,cgall
784,chill
785,crassel
786,cgreen2
787,csteiner
788,cbergeron
789,cblalack
790,chenderso
791,cstillwel
792,canderson
793,carmstron
794,cboyle
795,cbryant
796,cconcanno
797,cdeluna
798,cdowd
799,cfortin
800,cgarrison
801,chaley
802,clukas
803,cmcfayden
804,cmchale
805,cnewell
806,colson
807,cross
808,crussell
809,ctipping
810,cughetta
811,cbauman
812,cbelfield
813,ckline
814,ctabor
815,cnguyen
816,cschloer
817,cbrotman
818,cschumach
819,cwilliams
820,catack
821,cbennett
822,chardesty
823,choward
824,cmccall
825,cmika
826,ctolbert
827,cbroyles
828,cgreen
829,ckerns
830,canderson1
831,cbunce
832,ccox
833,cfroats
834,ch
835,cmanahan
836,cmcgowan
837,cpoeppelm
838,cstewart
839,cbaker
840,ccoyne
841,cgeppert
842,craasch
843,ccampbell
844,cpederson
845,cwatkins
846,ctoriello
847,ddemarre
848,dchen1
849,dsmith
850,dbaumgart
851,dbellinge
852,dbenvenut
853,dcasey
854,dchazin
855,dclement
856,dcunningh
857,ddantzig
858,dgillick
859,dhassell
860,dhuebner
861,djakob
862,dlafrance
863,dlatz
864,dmccune
865,dmiesen
866,dmiller1
867,dnichols
868,doettinge
869,dreed
870,drowan
871,dschopler
872,dschuster
873,dsilverst
874,dsmeltzer
875,dturcotte
876,dvandam
877,dvockerot
878,dwang
879,dwilliams1
880,dyoung1
881,ddunbar
882,dgrandoni
883,dgranholm
884,dbossert
885,dlockhart
886,dmiller4
887,dolsen
888,dwarner
889,dkhoadang
890,dbates
891,dbellissi
892,dbrunker
893,dbutler
894,dbuwalda
895,dchickeri
896,ddonovan
897,demmons
898,deppstein
899,dferriter
900,dgarlock
901,dgreeley
902,dhumphrey
903,dhunt1
904,dlee
905,dmah
906,dmontoya
907,dnaruo
908,dpetronio
909,dpoindext
910,dpryke
911,dritthale
912,drobinson1
913,dselwyn
914,dsluka
915,dsperling
916,dviggiani
917,dwelkener
918,dwhite
919,dwilliams2
920,dwinter
921,dwong
922,dzhu
923,dbjorkman
924,dcollom
925,ddennin
926,ddesbiens
927,dhobday
928,dhunt
929,dkarlinsk
930,dkhoe
931,dkrug
932,dlandesma
933,dmiller
934,don
935,dschmitt
936,dshonk
937,dyoung
938,dlopezesc
939,dgraves
940,ddyer
941,dphillips
942,dshultz
943,dwu
944,dabbott
945,dkelly
946,dlipson
947,drichmond
948,dritchie
949,dwiseman
950,dabram
951,dadams
952,dangelett
953,dbaer
954,dbarram
955,dberendes
956,dberg
957,dbloodgoo
958,dboyea
959,dboylanko
960,dbraden
961,dbrandolp
962,dbrooks
963,dcolic
964,dcox1
965,dcranston
966,ddanks
967,ddibiase
968,dferraro
969,dflock
970,dfrongill
971,dhammer
972,dhampson
973,dhochhalt
974,dhortemil
975,dhughes
976,dinnis
977,djanssen
978,djensen
979,dlundy
980,dmeinecke
981,dnester
982,dperry
983,dpetmecky
984,dpetsinis
985,dpicone
986,drichards1
987,droper
988,dschleich
989,dsealand
990,dshields
991,dshirley
992,dslade
993,dsnead
994,dsnoke
995,dstoddard
996,dtrett
997,dtulin
998,dvalentin
999,dvanderze
1000,dvatz
1001,dward
1002,dwenzel
1003,dwheeler
1004,dwitte
1005,dwoods
1006,dyu
1007,dzhou
1008,dzickus
1009,dzimmerma
1010,dzoldan
1011,dzurbuche
1012,dmossman
1013,dwhitehea
1014,dmiller2
1015,dmeyer
1016,dbullock
1017,dculver
1018,dramsey
1019,dstupar
1020,dkervick
1021,dmiller3
1022,djohnson
1023,dbechis
1024,dcasio
1025,unknown16
1026,dmaclaine
1027,dtarasi
1028,dalexande
1029,dfan
1030,dfenton
1031,dmourad
1032,dyan
1033,dknighton
1034,dstaples
1035,dcox
1036,dfoster
1037,danderson
1038,dasemota
1039,drogers
1040,dterry
1041,dwilliams
1042,ddremann
1043,dluecke
1044,dclyburn
1045,dmalderis
1046,dbruer
1047,dcooke
1048,djoens
1049,dlarberg
1050,dtranquil
1051,dwhited
1052,dsuvorov
1053,dmiddlebr
1054,dcavalero
1055,dchiodi
1056,dconti
1057,djacobs
1058,dleggio
1059,drobinson
1060,dchen
1061,dclark
1062,dmurphy
1063,dtriplett
1064,drichards
1065,droman
1066,dstenclik
1067,durbino
1068,draskin
1069,dchandler
1070,dchapman
1071,dhappe
1072,dkim
1073,dlaird
1074,dlevorsen
1075,dloughnan
1076,dotterlei
1077,dpiet
1078,dschnaudi
1079,dswanson
1080,dwilson
1081,dfitzgera
1082,dlinn
1083,dmcnally
1084,dbaird
1085,dbecker
1086,ddamiano
1087,dhenken
1088,dhughes1
1089,drooffene
1090,dsullivan
1091,dtravagli
1092,dkirkman
1093,dharris
1094,unknown17
1095,dbaker1
1096,dbest
1097,dburns
1098,ddeclerck
1099,delder
1100,dfreechil
1101,dhall
1102,dhawkins
1103,dlacombeb
1104,dlathammc
1105,dnice
1106,dpower
1107,dsmith1
1108,dtunnell
1109,dwelchman
1110,dwolff
1111,dzeringue
1112,djeng
1113,epinto
1114,efox
1115,emelo
1116,eyanosik
1117,efinley
1118,eharmoush
1119,emack
1120,epeters
1121,escott
1122,eun
1123,eguo
1124,ecramer
1125,elim1
1126,eartemaki
1127,efriedman
1128,egraves
1129,ejanin
1130,ekerns
1131,emock
1132,emotycka
1133,epark
1134,egriffin
1135,emalone
1136,ediamond
1137,egrady
1138,ehuber
1139,ejaime
1140,ekaroly
1141,elong
1142,esalmon
1143,ebemis
1144,eheloir
1145,eplanchin
1146,erim
1147,ehawkins
1148,erivera
1149,ebonnet
1150,edavis
1151,edeeds
1152,ehare
1153,elee
1154,emawby
1155,eperpich
1156,erivera1
1157,esakach
1158,etrotter
1159,ewarner
1160,erudder
1161,echartock
1162,eerickson
1163,eeve
1164,ejealous
1165,elamborn
1166,emoore
1167,erosenber
1168,ebilolo
1169,ekameri
1170,eshipway
1171,ewarner1
1172,eyoung
1173,ejoyce
1174,ealexande
1175,eblais
1176,eblanchar
1177,ebrinkman
1178,ebrodbeck
1179,ecarter
1180,eclarkson
1181,econverse
1182,ecooney
1183,ecrosbyle
1184,edion
1185,edixon
1186,ejohnson1
1187,eela
1188,egreenwoo
1189,eguindon
1190,ehillis
1191,ehuang
1192,ehubbard
1193,ehurd
1194,ehytonen
1195,ejohnson
1196,elewis
1197,elissner
1198,elu
1199,eminer
1200,enardelli
1201,eolson
1202,erathbun
1203,esjostrom
1204,estamant
1205,etaylor
1206,ewilliams
1207,ewitmer
1208,ewright
1209,eyoon
1210,ezarobili
1211,ebrown
1212,ephanglyn
1213,eatwell
1214,ehotaling
1215,ehunter
1216,elindberg
1217,eolsen
1218,eceballos
1219,ebeardsle
1220,ebloodwor
1221,ebolthous
1222,eburns
1223,edowns
1224,efalat
1225,efortin
1226,eholmgren
1227,eli
1228,elieman
1229,eniedzwie
1230,epeck
1231,epigeon
1232,epollack
1233,erasmusse
1234,esarles
1235,ewimmer
1236,eblaszkew
1237,elheureux
1238,elim
1239,emagsig
1240,ebembenis
1241,eboecking
1242,eboucher
1243,ebrydon
1244,ecaldwell
1245,efeeney
1246,ehowey
1247,ehughes
1248,ekarson
1249,eklein
1250,emeccarel
1251,emiller
1252,epadget
1253,eparizot
1254,epriest
1255,esebastia
1256,eswiatek
1257,evaldes
1258,eshapiro
1259,egrass
1260,esaunders
1261,emeer
1262,fchialvo
1263,fdelgado
1264,fleonard
1265,fmarceau
1266,fmoren
1267,fpronove
1268,ftherouxj
1269,fdaigle
1270,frogers
1271,fhare
1272,unknown4
1273,fheacock
1274,frusso
1275,fbreton
1276,fmartel
1277,fvallee
1278,fhazera
1279,fhezera
1280,fmogollon
1281,fhotte
1282,fbarich
1283,fharris
1284,fstrasser
1285,fweng
1286,fwooten
1287,fgomez
1288,frobinson
1289,ffernande
1290,fbredard
1291,flam
1292,fparentea
1293,fperlman
1294,ffarah
1295,gcolton
1296,gdobroszi
1297,gdobrozsi
1298,gfruchter
1299,gjagt
1300,gnobis
1301,gryan
1302,gschoepke
1303,gtaylor
1304,gvordick
1305,gwebster
1306,gwray
1307,gdoble
1308,ghage
1309,ghernande
1310,gmonfette
1311,gschwartz
1312,gchatha
1313,gbraun
1314,ggeib
1315,ghable
1316,gknobel
1317,gmartin1
1318,gsanti
1319,gwilson1
1320,gwilson
1321,gdixon
1322,ggrant
1323,gledonne
1324,ggelbart
1325,gabrahams
1326,gbabbitt
1327,gleahy
1328,gmay
1329,gsing
1330,gnakano
1331,gbevan
1332,gpowell
1333,gserednes
1334,ghughesst
1335,glampron
1336,gvoelling
1337,gchizmadi
1338,gschumach
1339,gpoole
1340,gwysen
1341,gharrison
1342,glarson
1343,gwatkins
1344,ggrayshaw
1345,ghazlewoo
1346,glandon
1347,gturner
1348,gwhitting
1349,gboyd
1350,gcole
1351,gfranke
1352,gharris
1353,glindsley
1354,gmaynard
1355,gmitchell
1356,gwaldron
1357,gzukowski
1358,gpangburn
1359,grettburg
1360,gsanner
1361,gcohen
1362,gcousins
1363,gellis
1364,gesser
1365,ggarbern
1366,ghusak
1367,gmarliave
1368,gmartin
1369,gmohler
1370,gmoore
1371,gowens
1372,gslover
1373,gsomervil
1374,gstrouse
1375,gwakeman
1376,garenson
1377,gmoreno
1378,gplaiajr
1379,gbinkley
1380,gmckee
1381,gmiller
1382,gyas
1383,gmisleh
1384,gnorrbom
1385,ghaflin
1386,gcastano
1387,gaponte
1388,htrang
1389,hjon
1390,hwasnick
1391,hrasmusse
1392,hgarvey
1393,hcannon
1394,hschwarze
1395,htreegoob
1396,htucker
1397,hmcnamara
1398,hnorris
1399,haustinkn
1400,hstone
1401,hwachob
1402,hkalaba
1403,hordonez
1404,hbabcock
1405,hbrecher
1406,heverett
1407,hfisher
1408,hfuruta
1409,hgarcia
1410,hgoldenbe
1411,hing
1412,hkonker
1413,hlaseter
1414,hphan
1415,hrodrigue
1416,hschneide
1417,hwayte
1418,hmehta
1419,hcookson
1420,hparks
1421,hcogswell
1422,hstuck
1423,hknapp
1424,hpare
1425,hcorbett
1426,hcutts
1427,hlang
1428,hlatson
1429,hmay
1430,htaylor
1431,hcarnegie
1432,hgehring
1433,imackenzi
1434,iandreknu
1435,ibarry
1436,ichiles
1437,icollins
1438,idietrich
1439,idipace
1440,iengler
1441,ifalck
1442,iguerin
1443,ihahn
1444,iladner
1445,ilawson
1446,imcclella
1447,imccosky
1448,imcnamara
1449,imeyer
1450,isweeney
1451,ivilevac
1452,iwallace
1453,iyz
1454,ismola
1455,iyudkovic
1456,iconley
1457,idavis
1458,igranstro
1459,ihsu
1460,ijeffries
1461,ijulien
1462,ilee
1463,ileonard
1464,isaul
1465,ismith
1466,itan
1467,iwoldemar
1468,ibryant
1469,ihernande
1470,imasekkel
1471,imoore
1472,ikawaguch
1473,idave
1474,ikassim
1475,ichang
1476,itran
1477,jbender
1478,jpatell
1479,jcarreiro
1480,jbruner
1481,jdean
1482,jduennebe
1483,jkrugler
1484,jbarrow
1485,jbembenek
1486,jbrown
1487,jdowling
1488,jgalle
1489,jhamner
1490,jhatchett
1491,jhavey
1492,jhefferon
1493,jkelly
1494,jkempe1
1495,jkern
1496,jkingsley
1497,jkrieger
1498,jlokowich
1499,jmarsh
1500,jnelson
1501,jpark
1502,jshanahan
1503,jshey
1504,jslevin
1505,jverzuh
1506,jwilliams
1507,jwisner
1508,jwooldrid
1509,jziemer
1510,jnguyen1
1511,jallen1
1512,jcarol
1513,jdecampos
1514,jheglie
1515,jhenry
1516,jmckee
1517,jpotts
1518,jstearns
1519,jvicek
1520,jhau
1521,jnguyen
1522,janthuvan
1523,jarnold
1524,jartz
1525,jbartholo
1526,jblackman
1527,jblue
1528,jbrown1
1529,jclary
1530,jcowan
1531,jdavis
1532,jdummeldi
1533,jduquette
1534,jfairfax
1535,jfella
1536,jflowers
1537,jgreenber1
1538,jjahnke
1539,jkaplan
1540,jkomenda
1541,jlane
1542,jlarsen
1543,jlien
1544,jmiller
1545,jmouw
1546,jprice
1547,jrollins
1548,jsames
1549,jsaunders
1550,jserano
1551,jsmith
1552,jspiro
1553,jwham
1554,jyant
1555,jnissen
1556,jperivier
1557,jscullion
1558,jbenites
1559,jperez
1560,janderson
1561,jbaumer
1562,jberzoffc
1563,jbutrica
1564,jcarrico
1565,jcoleman
1566,jcormier
1567,jfelton
1568,jfloyd
1569,jgutkowsk
1570,jherman
1571,jjohnson1
1572,jkenniv
1573,jlochhead
1574,jmcgoogan
1575,jmckean
1576,jmurray
1577,jpruitt
1578,jraatz
1579,jradack
1580,jrainwate
1581,jreinhard
1582,jrovner
1583,jrubinmil
1584,jshoyer
1585,jsteen
1586,jsteslick
1587,jtaylor1
1588,jthorne
1589,jtozer
1590,jturcotte
1591,jwahl
1592,jworthing
1593,jwright
1594,jpolk
1595,jbrissett
1596,jbakerjr
1597,jcarrprie
1598,jdahl
1599,jfiala
1600,jfranklin
1601,jgreeno
1602,jhighsmit
1603,jhron
1604,jivey
1605,jkittlese
1606,jkloss
1607,jkoerner
1608,jlewis
1609,jmcclean
1610,unknown18
1611,jpoe
1612,jpollard1
1613,jpollard
1614,jroush
1615,jrussnogl
1616,jshorey
1617,jsykora
1618,jyeager
1619,jkauffman
1620,jmillage
1621,jszmanda
1622,jbrody
1623,jcanfield
1624,jmorrow
1625,jpayne
1626,jregruth
1627,jsaltsman
1628,jseyler
1629,jmeron
1630,jbajwa
1631,jbowen
1632,jbanks
1633,jbest1
1634,jcheek
1635,jchow
1636,jcrowe
1637,jdemaso
1638,jdick
1639,jduiella
1640,jholleran
1641,jhustad
1642,jhuynh
1643,jjaskiewi
1644,jkempe
1645,jlam
1646,jlee2
1647,jmcgeeney
1648,jmckeen
1649,jschafer
1650,jtapper
1651,jthompson1
1652,jtschida
1653,jvallee
1654,jwherry
1655,jyoder
1656,jyun
1657,jzeidman
1658,jdean1
1659,jlu
1660,jtom
1661,jaceil
1662,jisaza
1663,jortiz
1664,jyaez
1665,jyanez
1666,jboychuk
1667,jboyle
1668,jclark
1669,jdrescher
1670,jfroude
1671,jkinzel
1672,jtalerman
1673,jfeagens
1674,jcox
1675,jhastings
1676,jcaicedo
1677,jguilleme
1678,jchampagn
1679,jriopel
1680,jrohowetz
1681,jbabbitt
1682,jbrauning
1683,jgao
1684,jgraham
1685,jholm
1686,jkiel
1687,jkula
1688,jlindquis
1689,jloskorn
1690,jmaskalun
1691,jmeyers
1692,jnordgren
1693,jtrosvig
1694,jweis
1695,jwodatch1
1696,jzhao
1697,jzhou
1698,jminowa
1699,jschubert
1700,jburris
1701,joravic
1702,jrobinson
1703,jsilverma
1704,jsilverma1
1705,jwalker
1706,jwoo
1707,jwells
1708,jbranson
1709,jgiard
1710,jburril
1711,jhess
1712,jhill
1713,jkanter
1714,jkeusch
1715,jkharrazi
1716,jknopf
1717,jlangdon
1718,jnorden1
1719,jsellers
1720,jboucher
1721,jwolfe
1722,jkelly1
1723,jbolton
1724,jcohen
1725,jcwengros
1726,jdahms
1727,jellwood
1728,jevans
1729,jgreenber2
1730,jjenkins
1731,jjohnson
1732,jlieberma
1733,jshofner
1734,jwhite
1735,jjones1
1736,jmieser
1737,jlontoc
1738,jboley
1739,jkarl
1740,joconnell1
1741,jbudnik
1742,jclarke
1743,jherron
1744,jmcguinne
1745,jmickle
1746,joconnell
1747,jrobin
1748,jtowle
1749,jzuraw
1750,jjimenez
1751,janderson1
1752,jbabbino
1753,jbecker
1754,jbrisbois
1755,jbyerly
1756,jcercello
1757,jdipaula
1758,jforbes
1759,jfreund
1760,jfriedman
1761,jleibfort
1762,jmerrill
1763,jmolder
1764,jmozloom
1765,joaks
1766,jouellett
1767,jrichards
1768,jrogers
1769,jsantosus
1770,jsefton
1771,jsimonell
1772,jsogno
1773,jsullivan
1774,jtaris
1775,jthompson
1776,jtylutki
1777,jwhite2
1778,jyoung
1779,jbellavan
1780,jcaswell
1781,jclose
1782,jclutton
1783,jmorton
1784,jschlache
1785,jwillison
1786,jwooten
1787,jcari
1788,jcretella
1789,jhuppert
1790,jkennedy
1791,jricks
1792,jwylie
1793,jabela
1794,jagan
1795,jbergen
1796,jbest
1797,jboezi
1798,jbuss
1799,jcarden
1800,jcecil
1801,jclyde
1802,jliboon
1803,jdoherty
1804,jgeraghty
1805,jgroess
1806,jhaig
1807,jhanni
1808,jhenkel
1809,jholk
1810,jhuang
1811,unknown19
1812,jjones
1813,jklaassen
1814,jkolb
1815,jkorber
1816,jlaney1
1817,jlaney
1818,jlangstaf
1819,jlithio
1820,jmarsh1
1821,jmcdonnel
1822,jmcmoniga
1823,jnorris1
1824,jpaultayl
1825,jpeterson
1826,jquandt
1827,jramerman
1828,jrandolph
1829,jserafini
1830,jshelley
1831,jsickles
1832,jsiemer
1833,jstacey
1834,jstavinga
1835,jstubbs
1836,jtan1
1837,jwalden
1838,jwellers
1839,jwodatch
1840,jguest
1841,jlynch
1842,jbansfiel
1843,jfrohlich
1844,jhock
1845,jsisto
1846,jdeamicis
1847,jfey
1848,jgaynor
1849,jgibson
1850,jginsberg
1851,jgreenber
1852,jhallett
1853,jmeade
1854,jmorris1
1855,jneeley
1856,jpressimo
1857,jrosen
1858,jsnyder
1859,jstaron
1860,jstone
1861,jswartlin
1862,jwenger
1863,jerb
1864,jkurmanfa
1865,jmalenfan
1866,jmunoz
1867,jstangosb
1868,jtaylor2
1869,jgolden
1870,jbain
1871,jcostello
1872,jcursi
1873,jedwards
1874,jhatcher
1875,jhelton
1876,jholloway
1877,jkwan
1878,jlee1
1879,jlee
1880,jlyle
1881,jmartin
1882,jmast
1883,jnethercu
1884,jpalumbo
1885,jhoffman
1886,jmalks
1887,jmckoy
1888,jpeeters
1889,jbates
1890,jbenson
1891,jciccaron
1892,jdewitt
1893,jdhillon
1894,jfaries
1895,jhill1
1896,jhuston
1897,jjeffery
1898,jkerr
1899,jkinde
1900,jmarcy
1901,jmcgregor
1902,jperry
1903,jqueckboe
1904,jrhyne
1905,jrichmond
1906,jrobarge
1907,jsalazar
1908,jsmith2
1909,jspratt
1910,jtaylor3
1911,jtaylor
1912,jwiley
1913,jdelgado
1914,jdasilva
1915,jmaldonad
1916,jvankan
1917,jbesser
1918,jbranson1
1919,jcubitt
1920,jgenest
1921,jgu
1922,jkozicky
1923,jmarmerst
1924,jsimpson
1925,jwelkener
1926,jbeaulieu
1927,jbolt
1928,jbotti
1929,jbush
1930,jduncan
1931,jeast
1932,jfeng
1933,jfindley
1934,jgraber
1935,jgreenoug
1936,jhartzog
1937,jhemmesch
1938,jkautz
1939,jklane
1940,jkohl
1941,jlowell
1942,jlyder
1943,jmarkette
1944,jmckisic
1945,jmoore1
1946,jmorris
1947,jmull
1948,jnickerso
1949,jnorris
1950,jpoterack
1951,jsmith1
1952,jstevenss
1953,jtsung
1954,jturner
1955,jackley
1956,jgabella
1957,jlayton
1958,jshepard
1959,jtan
1960,jvenegas
1961,jwilson
1962,jyuan
1963,jzdrodows
1964,jkapilivs
1965,jmort
1966,jpadgett
1967,jalorro
1968,jburns
1969,jnewman
1970,jschmiesi
1971,jbonilla
1972,jgallo
1973,jhausman
1974,jreeves
1975,jsaunt
1976,jbernat
1977,jsnchal1
1978,jsnchal
1979,jrapisura
1980,jpatel
1981,jabel
1982,jallen
1983,jbadgett
1984,jburnett
1985,jcheung
1986,jfoord
1987,jgoodman
1988,jilowite
1989,jkeller
1990,jkinkead
1991,jkinkead1
1992,jlatz
1993,jlim
1994,jluo
1995,jmattingl
1996,jmecham
1997,jmills
1998,jmoore
1999,jnorden
2000,jperticon
2001,jschroede
2002,jsolis
2003,jwashingt
2004,jwinn
2005,jwollin
2006,khartl
2007,kmorris
2008,kfroebe
2009,kcombs
2010,kdelorenz
2011,kmarcus
2012,kmarshall
2013,kchunmoy
2014,kraslan
2015,kskwarek
2016,kdaftari
2017,kolson1
2018,kmaurer
2019,kekwurtze
2020,kfauerbac
2021,kkingma
2022,kloiseau
2023,kstaber
2024,kfong
2025,kcampbell
2026,kmccarter
2027,knorth
2028,klaurence
2029,kplew
2030,kcarroll
2031,kgarner
2032,kmcrae
2033,kwaugh
2034,kmoses
2035,kvanarsda
2036,kalexande
2037,khuang
2038,kwilliams
2039,kadams
2040,kalexande1
2041,knoh
2042,kporter
2043,kwells
2044,kpenningt
2045,khood
2046,ktaylor
2047,kcalello
2048,kfrisch
2049,kfurdella
2050,klaneiii
2051,kkawaguch
2052,kmarshall1
2053,kmoldenha
2054,kaha
2055,kanthony
2056,kbaumann
2057,kbrown
2058,kchan
2059,kchiang
2060,kchristia
2061,kchu
2062,kcocks
2063,kconnolly
2064,kcoulter
2065,kdeangeli
2066,kfarrell
2067,kgoldberg
2068,kgreer
2069,kgroulx
2070,kguilleme
2071,khalprin
2072,khanzel
2073,khartley
2074,khealey
2075,kherrera
2076,khoercher
2077,khorgan
2078,kjay
2079,kjohnson3
2080,kkelly1
2081,kkula
2082,kland
2083,klin
2084,kliu
2085,klore
2086,kludwig
2087,kmirabale
2088,knicholl
2089,knorton
2090,kobrien
2091,kpettitsc
2092,kpignone
2093,kquinlan
2094,kreichert
2095,krichards
2096,kriechert
2097,kseiler
2098,ksmith1
2099,ksoneson
2100,ksouser
2101,kterry
2102,ktien
2103,ktong
2104,kunderhil
2105,kvanroosm
2106,kvenose
2107,kversteeg
2108,kwillisry
2109,kyngve
2110,kalzahran
2111,kelsalaam
2112,krobertso
2113,kgreene
2114,kway
2115,kcharnock
2116,kkelly
2117,kpew
2118,kgee
2119,kcurtis
2120,kthomas
2121,kkuespert
2122,knylen
2123,kallen
2124,kdziak
2125,kkoo
2126,kcharles
2127,kmccracke
2128,ksmart
2129,ksugioka
2130,kbauer
2131,khelms
2132,ksugahara
2133,kharrison
2134,kthomson
2135,kgomatam
2136,kjohnson1
2137,kcoley
2138,kshin
2139,khsunwang
2140,kponzio
2141,kgibson
2142,kkhangaon
2143,klewis
2144,kyoung
2145,klew
2146,kblaeuer
2147,kcantal
2148,kconniff
2149,kcox
2150,kdew
2151,kdreger
2152,kgill
2153,kgolrick
2154,khancock
2155,khenke
2156,khunter
2157,kjohnson
2158,kkhalifa
2159,kkolafa
2160,kmorgan
2161,knicholss
2162,kolson
2163,kromard
2164,krubin
2165,krutledge
2166,ksilva
2167,ksmith
2168,kstapleto
2169,ksuelflow
2170,kterriere
2171,kvezina
2172,kweigand
2173,kweinberg
2174,kwelch
2175,kwolf
2176,lblacksto
2177,lyoung1
2178,llavoie
2179,lshank
2180,lfitzpatr
2181,lhanselma
2182,lrobertso
2183,ldoyle
2184,lfaye
2185,lloiseau
2186,lramirez
2187,lmarx
2188,ldecter
2189,lgordon
2190,lpepper
2191,lpierson
2192,lsovellfe
2193,lwarren
2194,lchou
2195,lforestna
2196,ljacobs
2197,ljeske
2198,ltapper
2199,lstambaug
2200,lbestian
2201,lbradford
2202,lhaberfie
2203,ljay
2204,lmcdonald
2205,lmckeown
2206,lrosen
2207,lsearlesb
2208,lshramko
2209,lgrench
2210,lwininger
2211,lgivol
2212,lblake
2213,lcall
2214,lclarke
2215,ldiehl
2216,ldufour
2217,lkinney
2218,lpruess
2219,lrhyne
2220,lstagg
2221,lvantreas
2222,lweiss
2223,labramows
2224,lbertonci
2225,lgosart
2226,lnagle
2227,llauzon
2228,lwang
2229,lcomire
2230,lharwood
2231,lmigliore
2232,lconiaris
2233,ldallmann
2234,ldillow
2235,lhenry
2236,lmurphy
2237,lstorm
2238,ltarnowsk
2239,lyoung
2240,lmosola
2241,lalejandr
2242,lcaballer
2243,lpaz
2244,lgovedic
2245,lambrose
2246,lmcclamro
2247,lbleers
2248,lbrennan
2249,lbroderic
2250,ldiorio
2251,lhuffman
2252,ljesperse
2253,lmarks
2254,lnorby
2255,lphelan
2256,lrehfuss
2257,lryan
2258,lthomas
2259,lwebb
2260,lyorgason
2261,mhecht
2262,mmcclella
2263,mrushing
2264,mtaylor
2265,mweber2
2266,mchope
2267,mhead
2268,mgottlieb
2269,medula
2270,mmarshall
2271,mneil
2272,mraymond
2273,mbryson
2274,maugersem
2275,meckert
2276,mhuber
2277,mleduc
2278,mmunoz
2279,mpisansky
2280,mrovner
2281,msands
2282,msoldini
2283,moliart
2284,mosborne
2285,msanchez
2286,mdewey
2287,mdregni
2288,mlee2
2289,mraniidro
2290,mthaw
2291,mzlatic
2292,mpapageor
2293,mmoran
2294,mmoranrub
2295,mobrien1
2296,mrodrigue
2297,mverdugo
2298,mbaldauf
2299,mburton
2300,mdonohue
2301,melbogen
2302,mevans
2303,mfedorenk
2304,mflores
2305,mgazzerro
2306,mhenke
2307,mhritz
2308,mlin
2309,mlloyd
2310,mmendelev
2311,mphilipso
2312,mpoole
2313,mrauls
2314,msandberg
2315,mschimmel
2316,mslader
2317,mstumpf
2318,mturner
2319,mwhitton
2320,mworsfold
2321,mzimmerl
2322,mshofner
2323,mkuzmowyc
2324,mbrownlee
2325,mchapman
2326,mcofer
2327,mmason
2328,mcrawford1
2329,mdinges
2330,mwildmann
2331,mbustaman
2332,mcruz
2333,mgallant
2334,mle
2335,mnewman
2336,mshiu
2337,martis
2338,madams
2339,mcary
2340,mgardner
2341,mkelley
2342,mstone
2343,mwuensch
2344,mzetsch
2345,mlittle
2346,mpeltier
2347,mpetrovic
2348,mdomingue
2349,mladyman
2350,magee
2351,mbordelea
2352,mbosser
2353,manderson
2354,mauletta
2355,mbarcello
2356,mbaum
2357,mbennett1
2358,mbode
2359,mburkhard
2360,mcameron
2361,mcarter
2362,mchambers
2363,mcostello
2364,mCullom
2365,mdilworth
2366,mellis
2367,messer
2368,mfinley
2369,mglenn
2370,mgoetsch
2371,mgoodkey
2372,mgouchoeh
2373,mgrinde
2374,mgubernic
2375,mhanna
2376,mharvey
2377,mhudspith
2378,mhurray
2379,mjackson
2380,mjaffe
2381,mjamison
2382,mjohnson1
2383,mkerrigan
2384,mkishi
2385,mkoh
2386,mkrauss
2387,mlabar
2388,mlefebvre
2389,mlemaitre
2390,mlemar
2391,mlyle
2392,mmason1
2393,mmcdonald
2394,mmichelso
2395,mmiller1
2396,mmuhlenka
2397,mnelson
2398,mobrien
2399,mparisi
2400,mpasterna
2401,mpenman
2402,mreynolds
2403,mrussell
2404,mrussnogl
2405,mrybak
2406,msmith
2407,mstavinga
2408,mstegeman
2409,mstevens
2410,mtacheron
2411,mtheologi
2412,mtomasko
2413,mtucker
2414,mviscido
2415,mweber
2416,mweiner
2417,mweintrau
2418,mwilken
2419,myoung
2420,mfocchi
2421,marmour
2422,mballman
2423,mbartley
2424,mbell
2425,mberg
2426,mbiersche
2427,mbristol
2428,mburke1
2429,mcrawford
2430,mfredrick
2431,mgallin
2432,mglazer
2433,mgulbrons
2434,mhankin
2435,mheath
2436,mhefferna
2437,mhogel
2438,mjohnson
2439,mking
2440,mkissmann
2441,mknowles
2442,mlam
2443,mmcknight
2444,mmontera
2445,mnatali
2446,mneeley
2447,mnighting
2448,mperdulla
2449,mradhe
2450,mrehder
2451,msutton
2452,mweaver
2453,mwilson
2454,mling
2455,msung
2456,mgaleano
2457,mgaleanor
2458,mmartinez
2459,mayad
2460,mbarowski
2461,mcarpente
2462,mcassell
2463,mcharles
2464,mcombs
2465,mcook
2466,mdehlin
2467,mdevine
2468,mgibson
2469,mgrove
2470,mguy
2471,mhamilton
2472,mhanscom
2473,mhunter
2474,mjunga
2475,mkammerma
2476,mkesselri
2477,mleonard
2478,mlopez
2479,mperham
2480,mramstad
2481,msample
2482,mshepard
2483,msheppard
2484,mthorne
2485,mtran1
2486,mtrifilli
2487,mtrotter
2488,mwilliams
2489,mhume
2490,mrick
2491,mmastroma
2492,myorgason
2493,mbrichet
2494,mglass
2495,mhood
2496,mjo
2497,mwagner
2498,unknown21
2499,mames
2500,marbutine
2501,mbaer
2502,mbjevoluk
2503,mbrisbois
2504,mburke
2505,mbuyco
2506,mcaldwell
2507,mcavanaug
2508,mdagherma
2509,mdayton
2510,mdehnbost
2511,mdillard
2512,megan
2513,mfairley
2514,mfinke
2515,mfioramon
2516,mford
2517,mfriisjen
2518,mgiere
2519,mgroeber
2520,mhayes
2521,mhays
2522,mhickson
2523,mhlavaty
2524,mhuang
2525,mjohnson2
2526,mjones
2527,mjordan
2528,mjuratova
2529,mkasper
2530,mkiyoi
2531,mlee1
2532,mmaroon
2533,mmatthis
2534,mmeilstru
2535,mmiller
2536,mnatenber
2537,mneve
2538,mng
2539,mntende
2540,mpanna
2541,mpardo
2542,mpetersen
2543,mpoe
2544,mrudy
2545,mserota
2546,mshiel
2547,mspear
2548,mtran
2549,mvanness
2550,mvenezia
2551,mvolz
2552,mweber1
2553,mwoolley
2554,mwormley
2555,mzhou
2556,mhumm
2557,mstukes
2558,mwalter
2559,mthompson
2560,mwalsh
2561,mgoderre
2562,marcata
2563,mball
2564,mbecich
2565,mcampanel
2566,mcoughlin
2567,mcramer
2568,mdirda
2569,mdrost
2570,unknown22
2571,mkobyra
2572,mlee
2573,mmackenzi
2574,mmansfiel
2575,mmcclain
2576,mmerwin
2577,mmiller2
2578,mmoore
2579,mmoses
2580,mogren
2581,mpannone
2582,mplunkett
2583,mreeves
2584,mswain
2585,mtillotso
2586,mvoelpel
2587,mzaagman
2588,mobrien2
2589,mravenell
2590,mravanell
2591,mrivas
2592,mgrovic
2593,meckardt
2594,mfreystae
2595,mhorowitz
2596,mcihon
2597,mkulczak
2598,mlutz
2599,mwheeler
2600,mbennett
2601,mblaha
2602,mdenooyer
2603,mdozzidai
2604,mmccarthy
2605,msavage
2606,msayasene
2607,msteiner
2608,mscott
2609,mdiatta
2610,mchrouh
2611,mjudeh
2612,mjones1
2613,maverill
2614,mhibbert
2615,mhiggins
2616,msommer
2617,mwilbur
2618,mdia
2619,mbenjemaa
2620,mthahir
2621,mahmad
2622,marmstron
2623,mcooper
2624,msinclair
2625,nchaouch
2626,nho
2627,nminfink
2628,nmock
2629,nmbaevoge
2630,nwon
2631,nastrom
2632,naugust
2633,nboddy
2634,nbosscher
2635,nbotti
2636,ncastine
2637,ngoff
2638,nkirchhof
2639,nknutson
2640,nlittle
2641,nlong
2642,nmachak
2643,npage
2644,npettyjoh
2645,nransom
2646,nthibedea
2647,nvenditta
2648,nvolkman
2649,nwipfler
2650,nbridges
2651,nbuchholz
2652,nbuddemey
2653,nbussberg
2654,nchampoux
2655,ndanduran
2656,ndemorgan
2657,nhaskell
2658,nhirst
2659,nhsieh
2660,nhuff
2661,njohnson
2662,nlyle
2663,nploeger
2664,nprior
2665,nsany
2666,nvickroy
2667,nwarden
2668,nwhite
2669,nwilliams
2670,ndick
2671,naustin
2672,nstuart1
2673,nbutler
2674,nhanke
2675,nphelps
2676,nnarayan
2677,nproefroc
2678,nmccarthy
2679,nlanas
2680,nakers
2681,nalexande
2682,nbetsch
2683,ncalucci
2684,ndacquist
2685,ndahms
2686,ndigiorgi
2687,ndunbar
2688,nhirning
2689,nhunter
2690,nsimonell
2691,nsmith
2692,nsnuszka
2693,nwhale
2694,nwoovonho
2695,nhuffman
2696,nbissonne
2697,nboucher
2698,ndare
2699,ngigliott
2700,nhaser
2701,nheid
2702,nhirannet
2703,nhoward
2704,nhutton
2705,njudson
2706,nkaczmare
2707,nladas
2708,nlance
2709,nlongo
2710,nloughran
2711,nmahan
2712,nminyen
2713,nmurphy
2714,nmyhre
2715,nnagel
2716,nnugent
2717,nongpauco
2718,npappas
2719,npatel
2720,npeppers
2721,nphillips
2722,nraisch
2723,nredmond
2724,nroberts
2725,nschlag
2726,nslovan
2727,nstuart
2728,nthompson
2729,ntolfa
2730,nvogt
2731,nwetzel
2732,nzeman
2733,ngolini
2734,nspiva
2735,nbinuya
2736,nlake
2737,nranabhat
2738,nbouillon
2739,nbrochu
2740,ndacey
2741,ngagnon
2742,nleitmann
2743,nlopresto
2744,nvanasse
2745,ndaniels
2746,nbhakta
2747,nabbas
2748,nmostaghi
2749,nsharma
2750,nbacker
2751,nceluch
2752,nchambers
2753,ncoolman
2754,nfisher
2755,nhanson
2756,nnicol
2757,npetersen
2758,npollack
2759,npowell
2760,nrobinson
2761,nsaul
2762,nsawyer
2763,nwahl
2764,nhoward1
2765,nschmalen
2766,nstoppel
2767,nwalsh
2768,nto
2769,onelson
2770,oarmstron
2771,ohines
2772,oartus
2773,ochartock
2774,ofay
2775,ofeder
2776,otelfer
2777,obastien
2778,odrouin
2779,ostdenis
2780,obinnun
2781,ocable
2782,oimpas
2783,obrown
2784,ograff
2785,okohut
2786,ostonehou
2787,owilliams1
2788,ocordes
2789,oedwards
2790,ofreed
2791,oheh
2792,ojohnson
2793,omurphy
2794,opoissant
2795,orobinson
2796,oshaff
2797,osmith
2798,owatt
2799,owilliams
2800,preimers
2801,psweeney
2802,pbray
2803,phoward
2804,pbarron
2805,pcashman
2806,pearles
2807,phammonds
2808,pjensen
2809,pkelsy
2810,pniles
2811,pshriwise
2812,pbaylis
2813,pbeckett
2814,pbuermeye
2815,pchurch
2816,pdiviney
2817,pdoughert
2818,peberle
2819,pkaufmann
2820,pkeenan
2821,pkrantz
2822,plahey
2823,plindsey
2824,pmapp
2825,pmcmullen
2826,pstegemoe
2827,pxu
2828,parters
2829,pburt
2830,pbutterfo
2831,phooley
2832,pkaravaye
2833,pklimkows
2834,pkrenik
2835,plally
2836,pmensah
2837,powens
2838,prenaud
2839,pstarkel
2840,ptatulea
2841,pweeks
2842,pshering
2843,pjanas
2844,plaurie
2845,pstogdon
2846,pcarr
2847,pdreisbac
2848,poverrigh
2849,pproulx
2850,pzaccardi
2851,pcauchy
2852,panderson
2853,pbarry
2854,pbender
2855,pboerth
2856,pburt1
2857,pcarleton
2858,pgalbrait
2859,pgeertzla
2860,pgraffy
2861,pjohnson
2862,pkalmakis
2863,pkotz
2864,plenz
2865,pmancini
2866,pmans
2867,posseward
2868,pschmitt
2869,vbrussel
2870,pvandebur
2871,pyu
2872,pzhou
2873,pschock
2874,pbowen
2875,pchang
2876,pcherosky
2877,pdoughert1
2878,pewing
2879,pmurray
2880,pturner
2881,pwatanabe
2882,phornberg
2883,pbisson
2884,pgagnon
2885,plebourda
2886,plebourda1
2887,pthivierg
2888,pjoyce
2889,pkaye
2890,pkorolog
2891,rpieran
2892,plemerle
2893,plavertu
2894,pjohnson1
2895,ppierce
2896,pbishop
2897,poyler
2898,pstobbe
2899,qbonnaud
2900,qroger
2901,qbergeron
2902,qbuermeye
2903,qfiner
2904,qgarner
2905,qhunziker
2906,qsnider
2907,qwharton
2908,qtitcomb
2909,radkins
2910,rcastro
2911,rsteinhau
2912,rishaque
2913,ralin
2914,rmaitra
2915,rvanepps
2916,rpaust
2917,rcopemusl
2918,rlalondel
2919,rsalvas
2920,rhayes
2921,rrosenfel
2922,rramnarai
2923,rdavenpor
2924,rillian
2925,rmauntel
2926,rmendoza
2927,rpalazzo
2928,rtetreaul
2929,rye1
2930,rnemours
2931,rbrowning
2932,rhendrick
2933,rmcdevitt
2934,rbowman
2935,rsung
2936,rbacon
2937,rduncan
2938,rkoss
2939,rmartin
2940,rojo
2941,rartega
2942,rbrinn
2943,rbergeron
2944,rgretsch
2945,rtoogood
2946,rlange
2947,rstacklin
2948,rtam
2949,rvanambur
2950,rware
2951,rgross
2952,rhennigha
2953,rkirkpatr
2954,rramirez
2955,rszeto
2956,rhuang
2957,rmohler
2958,rulmer
2959,rdunkerle
2960,rallan
2961,rdulabon
2962,rgreenber
2963,unknown12
2964,rschmidt
2965,rsmith1
2966,rwharton
2967,rcraven
2968,rfarwell
2969,rdavenpor1
2970,rmccabe
2971,rodum
2972,ralongi
2973,rbradham
2974,rcahill
2975,rdennis
2976,relston
2977,rgoode
2978,rgormley
2979,rhalvorse
2980,rhausmann
2981,rhunt
2982,rjohnson
2983,rjones
2984,rlewis
2985,rroos
2986,rrunner
2987,ryeagle
2988,rmaillard
2989,rvickersb
2990,rwiseman
2991,rlinehan
2992,rarcibar
2993,rgouldrod
2994,rkubalanz
2995,veder
2996,rgallaghe
2997,rorloff
2998,rbarker
2999,rlenta
3000,rmarkle
3001,rosborn
3002,rward
3003,rjamieson
3004,mmcdonnel
3005,rmatthews
3006,rgrundy
3007,rcarvalho
3008,rtejpar
3009,rye
3010,rallen
3011,rbarr
3012,rnicolls
3013,rhowd
3014,rrabut
3015,rwynne
3016,ringoldsm
3017,rsmith3
3018,rarchibal
3019,rbalch
3020,rbigley
3021,rbrown
3022,rbuckingh
3023,rcardinal
3024,rcarver
3025,rchard
3026,rcicioni
3027,rdinger
3028,rdrost
3029,rdusaire
3030,rflamberg
3031,rflick
3032,rforster
3033,rgorman
3034,rhahn
3035,rhiser
3036,rhoffman
3037,rholmes
3038,rhumphrey
3039,rjames
3040,rjarvis
3041,rkeyfitz
3042,rkindell
3043,rlacy
3044,rlee1
3045,rlee
3046,rlepore
3047,rliao
3048,rmariouw
3049,rmartin1
3050,rnam
3051,rntende
3052,rosgar
3053,rpesch
3054,rpoloz
3055,rpurcell
3056,rsaffa
3057,rschanz
3058,rseay
3059,rsegal
3060,rshephard
3061,rsheppard
3062,rsheridan
3063,rshigley
3064,rsitler
3065,rslaughte
3066,rsmith2
3067,rsmith4
3068,rsmith
3069,rsturm
3070,rsun
3071,rsutter
3072,rswift
3073,rtakayama
3074,rtirner
3075,rtucker
3076,rturner
3077,rwallace
3078,rwartenbe
3079,rweaver
3080,rwelch
3081,rwerkmeis
3082,rwolfe
3083,rwoodhous
3084,ryergin
3085,rsimmons
3086,rkawaoka
3087,rsenda
3088,rkatsuta
3089,spalchuru
3090,spoitteso
3091,sraina
3092,ssemrin
3093,sdosenbac
3094,salston
3095,sadamson
3096,sbatson
3097,sberglund
3098,sbesse
3099,sbrecker
3100,sbumsted
3101,scarletta
3102,schattert
3103,scocchia
3104,scook
3105,scooper
3106,screed
3107,sdiffin
3108,sellison
3109,sesser
3110,sfeder
3111,sfontaine
3112,sfraner
3113,sgabriels
3114,sgainer
3115,sgoldstei
3116,sgood
3117,sgordonko
3118,sgrossber
3119,sharkness
3120,sharringt
3121,shart
3122,shebert
3123,sjonas
3124,skaminsky
3125,skanner
3126,skapalan
3127,skapalapa
3128,skunz
3129,slee
3130,slehman
3131,slittle
3132,smorgan
3133,smurphy
3134,spaterka
3135,speezick
3136,spew
3137,spickel
3138,splasman
3139,srichards
3140,sross
3141,sschurer
3142,ssohn
3143,sstark
3144,sswink
3145,stagle
3146,staylor
3147,strachtma
3148,svandusen
3149,sward
3150,swarrick
3151,shoy
3152,sbisson
3153,sbrennan
3154,sdupontgr
3155,shenderso
3156,singham
3157,smccrory
3158,sreis
3159,sroberts
3160,sbrown1
3161,sacevedo
3162,svogel
3163,sfrankste
3164,unknown23
3165,sishii
3166,unknown24
3167,swildavsk
3168,sdubey
3169,sfil
3170,sthompson
3171,sredding
3172,sboehm
3173,scrabtree
3174,sgraham
3175,shampton
3176,shearne
3177,sheyman
3178,skaltenec
3179,smiller
3180,sobrien
3181,sphillipm
3182,sradlauer
3183,srichgels
3184,sroeder
3185,sschriner
3186,ssottosan
3187,strimble
3188,swestwell
3189,sxu
3190,srobinson
3191,sanderson
3192,sbrady
3193,schilders
3194,sclark
3195,sconnole
3196,sdonnella
3197,sham
3198,skeegan
3199,skelley
3200,smaxcy
3201,smccall
3202,smcdonald
3203,smcdougal
3204,smcguinne
3205,smott
3206,smurray
3207,snewlin
3208,splunkett
3209,sreischel
3210,ssears
3211,streacy
3212,swiles
3213,sbrauer
3214,srossi
3215,swilliams
3216,slauzy
3217,sdifrance
3218,svankan
3219,sjones
3220,sroy
3221,sburningh
3222,sperdomo
3223,scanetti
3224,scollins
3225,sfaris
3226,sgudeman
3227,smeyer
3228,sreinhard
3229,sweaver
3230,swells
3231,sdavidson
3232,searley
3233,sfroebe
3234,sheath
3235,shohenste
3236,sotis
3237,ssisco
3238,sworthing
3239,salladi
3240,sdoherty
3241,sseidenbe
3242,schua
3243,sstjeanti
3244,sreppermu
3245,stsukamot
3246,sayotte
3247,scarapell
3248,scharette
3249,sdastrup
3250,sdistrup
3251,sevans
3252,shiggins
3253,sjohansen
3254,skuran
3255,smontague
3256,sperez
3257,swalker
3258,slebel
3259,sgasperin
3260,sbrunner
3261,sswafford
3262,staylor1
3263,unknown8
3264,sbontemps
3265,syanuck
3266,smegerssa
3267,srueschem
3268,sfrazee
3269,szaccaro
3270,slong
3271,sdahl
3272,sterada
3273,sbrown
3274,sland
3275,slatarski
3276,slofink
3277,sloscar
3278,smatonis
3279,ssih
3280,swallis
3281,swhitcomb
3282,sbirdsong
3283,speterson
3284,smccall1
3285,ssamu
3286,slarson
3287,scarslisl
3288,smance
3289,slim
3290,spritchar
3291,sbecker
3292,sbender
3293,sdolan
3294,sglauser
3295,sgrondin
3296,sguerin
3297,sierardi
3298,smagerr
3299,smoore
3300,sng
3301,spoulos
3302,srosso
3303,sschlatte
3304,sschott
3305,sshaw
3306,sknoche
3307,sarmitage
3308,sbonneau
3309,scalabres
3310,slacrosse
3311,smay
3312,smogielsk
3313,spanasuik
3314,swillis
3315,sbenaloh
3316,sborik
3317,sbrooks
3318,sbroome
3319,schang
3320,sdarroh
3321,sgarlok
3322,shicks
3323,shightshu
3324,skelly
3325,smilardov
3326,smolitern
3327,snaji
3328,sthor
3329,swartinbe
3330,skelley1
3331,shean
3332,smadiraju1
3333,swilkes
3334,schoi
3335,smadiraju
3336,twissel
3337,tbecke
3338,tsato
3339,tbarcus
3340,tgesell
3341,tgraham
3342,thalkyard
3343,trepasky
3344,troberts1
3345,trobinson
3346,thedges
3347,tjohnson1
3348,takyuz
3349,thalberg
3350,tleighton
3351,tbarton
3352,tbrooks
3353,tgilman
3354,tgoforth
3355,tkotwa
3356,tkraemer
3357,tlahey
3358,tmasterso
3359,tminch
3360,tnadon
3361,tpope
3362,tvanoosbr
3363,tbarnett
3364,tchu
3365,tlandis
3366,tschewe
3367,tsither
3368,tbrowarja
3369,tmcgowan
3370,tmurthy
3371,tmitchell
3372,tgaither
3373,troth
3374,tbalfour
3375,tschaidhe
3376,tshapinsk
3377,twatkins
3378,tanderson
3379,tbrewster
3380,tcoolidge
3381,tdubois
3382,tduke
3383,tduplaix
3384,techols
3385,tedmonds
3386,tfaber
3387,thansen
3388,thorvath
3389,tkonogeri
3390,tlalondel
3391,tlassette
3392,tloria
3393,tmaguire
3394,tmcalear
3395,tnye
3396,tpage
3397,tpreston
3398,trowe
3399,tshope
3400,tslack
3401,tstanton1
3402,twight
3403,tmcknight
3404,tyen
3405,tbarczak
3406,tdebyl
3407,tfergus
3408,tgehret
3409,tgilligan
3410,tjohnson
3411,tkominos
3412,tlavis
3413,tlootens
3414,tmcallist
3415,tmonahan
3416,tokita
3417,tposl
3418,tpredmore
3419,tryan
3420,tschoch
3421,tsettles
3422,ttsang
3423,tfarrell
3424,tmeyers
3425,tperston
3426,tsetterbe
3427,tbeatty
3428,telliot
3429,telliott
3430,tmosher
3431,tburns
3432,tmartin
3433,tstanton
3434,tdecraene
3435,tbrooks1
3436,twarren
3437,tchamberl
3438,tgrace
3439,thershber
3440,twolma
3441,tallen
3442,tannen
3443,tbertrand
3444,tblasman
3445,tchrzanow
3446,tdoi
3447,tduellman
3448,tgrund
3449,tlarocco
3450,tphillips
3451,tradcliff
3452,trosatto
3453,tfong
3454,tadams
3455,tgallaghe
3456,tlamar
3457,tli
3458,tlin
3459,ttrompete
3460,twilliams
3461,tabeltins
3462,tcain
3463,tgoss
3464,theath
3465,tlopez
3466,tmounga
3467,tpehrson
3468,tpoletto
3469,tvenneri
3470,tdavis
3471,tchukwume
3472,tgreene
3473,tcarpente
3474,tcatron
3475,tcompo
3476,tdunn
3477,tknight
3478,tpratt
3479,tpuckrin
3480,thodge
3481,tmiller
3482,tdillon
3483,tkuhl
3484,thebert1
3485,tspinks
3486,telam
3487,tgriesman
3488,tharper
3489,thawks
3490,thenry
3491,tkelley
3492,tknechtel
3493,tlynch
3494,tpolisukb
3495,tpurdy
3496,tsawatzky
3497,tscott
3498,tsmith
3499,tdynes
3500,tkatzenba
3501,tkoch
3502,ttaliafer
3503,ttaylor
3504,tadams1
3505,tcrowley
3506,tgreen
3507,tgrovende
3508,tvandemoo
3509,tyarter
3510,tbass
3511,tholland
3512,trevell
3513,troberts
3514,tbankston
3515,thoffman
3516,tkalmus
3517,tlemos
3518,tallen1
3519,tbarbieri
3520,tnaquin
3521,twilliams1
3522,tbacon
3523,tbarrett
3524,tbloodwor
3525,tchan
3526,tchiu
3527,tcondit
3528,tconger
3529,tdegirola
3530,temig
3531,tfrench
3532,tglenn
3533,tgrant
3534,tgunaseke
3535,thaskell
3536,thebert
3537,thustad
3538,tkinley
3539,tkunsa
3540,tlatham
3541,tmackey
3542,tmccarthy
3543,tmckean
3544,tmeyer
3545,tmitchuso
3546,tmonroe
3547,tmurt
3548,tnguyen
3549,trandall
3550,treinhard
3551,tsadler
3552,tshanahan
3553,tthomegre
3554,tpeterson
3555,tsander
3556,tadair
3557,upatel
3558,vpost
3559,vrenshaw
3560,vmader
3561,vsachdeva
3562,vtitcomb
3563,vbautista
3564,vcurodeau
3565,vluo
3566,vpria
3567,vsauv
3568,vtaggart
3569,vwu
3570,vzhivich
3571,vzhou
3572,vsethuram
3573,vpendhark
3574,vvalsaraj
3575,vreydams
3576,vtranquil
3577,vcalderon
3578,vgamache
3579,vgenest
3580,vhoule
3581,vlemieux
3582,vvitiello
3583,vdevaraj
3584,valanguil
3585,wnelson
3586,wfrankenb
3587,wmatthews
3588,wjansen
3589,wjohnson1
3590,wellard
3591,wkasprzyc
3592,wgrimaldo
3593,wanderson
3594,wlu
3595,wchen1
3596,wgreen
3597,wgroth
3598,wmiaw
3599,wlewis
3600,wbianca
3601,wcarmicha
3602,wcasperso
3603,wcernanec
3604,wchen
3605,wdickson
3606,wdillende
3607,wdrumrigh
3608,wfrolich
3609,wgriffin
3610,whannon
3611,whelenski
3612,wherold
3613,whoffenka
3614,whuffer
3615,wlindquis
3616,wlohre
3617,wmcdonald
3618,wmcglynn1
3619,wmurphy
3620,wneff
3621,wquigley
3622,wselfridg
3623,wsloan
3624,wsloane
3625,wturner
3626,wturner1
3627,unknown25
3628,wweiss
3629,wlongendy
3630,wmaessen
3631,wanderst
3632,wbrandt
3633,wcoffin
3634,whoehne
3635,wjohnson
3636,wmaroon
3637,wstpierre
3638,wtober
3639,wvu
3640,wwettenge
3641,wsaxen
3642,wstewart
3643,wgoal
3644,wgardner
3645,wmatthews1
3646,wberreman
3647,wbrooks
3648,wkellman
3649,wmekler
3650,xcharles
3651,xching
3652,xdaniel
3653,xfuzat
3654,xklena
3655,xmaxstadt
3656,xpayne
3657,xprochask
3658,xschafer
3659,xtitcomb
3660,xguerrero
3661,ylin
3662,yhou
3663,ydemiralp
3664,ywang
3665,ycabot
3666,ykubo
3667,yabdullah
3668,ycohonner
3669,zbyrnes
3670,zmerie
3671,zpetty
3672,zsands
3673,zschakner
3674,zscheuerm
3675,zbarnhart
3676,zbranson
3677,zbraun
3678,zburnside
3679,zfloyd
3680,zgrappone
3681,zheiden
3682,zjackson
3683,zjohnston
3684,zkaylor
3685,zkieffer
3686,zmarbach
3687,zmaynard
3688,zmorton
3689,znorrbom
3690,zormsby
3691,zriggins
3692,zsabin
3693,zsaffa
3694,zsinger
3695,zslayton
3696,ztheodore
3697,zthurston
3698,zwolfe
3699,zzebarth
3700,zmorneau
3701,zarmstron
3702,zburpee
3703,zcole
3704,zcotter
3705,zeskin
3706,zwenner
3707,zturner
3708,zavello
3709,zpurdy
3710,zsmith
3711,ztravis
3712,zmassi
3713,zrankin
3714,zivers
3715,zthoreson
3716,zraunig
3717,zchen
3718,zbranieck
3719,zabdulla
